Title,Type,Blogs
money making tips,Financial advice,"In the realm of business, the quest for financial stability and growth is an ongoing journey. While focusing on revenue generation is crucial, businesses often overlook the significance of customer retention as a pivotal element for long-term success. Implementing effective money-making tips while integrating sound financial advice can significantly contribute to enhancing customer retention rates, fostering a loyal customer base, and ensuring sustained profitability. Understanding the importance of Customer Retention: In the dynamic landscape of the digital era, customer retention holds paramount significance. It goes beyond mere transactions and fosters a strong bond between businesses and their clientele. Customer retention essentially involves strategies that enable businesses to engage and retain existing customers, encouraging repeat purchases and brand loyalty. This approach not only ensures a steady revenue stream but also aids in minimizing customer acquisition costs, thus optimizing the overall financial health of the business. Integrating Financial Advice for Enhanced Customer Retention: 1. Streamlining Budget Allocation: Efficient allocation of financial resources is critical for sustainable business growth. By analyzing customer retention data, businesses can strategically allocate budgets towards initiatives that foster customer engagement and loyalty. This includes investing in personalized customer experiences, targeted marketing campaigns, and effective loyalty programs. 2. Investing in Customer Relationship Management (CRM) Systems: Leveraging advanced CRM systems can streamline customer data management, enabling businesses to personalize interactions, understand customer preferences, and anticipate their needs. By utilizing CRM insights, businesses can tailor their services and products to meet customer demands, fostering a stronger customer-business relationship. 3. Offering Value-Added Services: Providing value-added services such as after-sales support, personalized recommendations, and exclusive perks can significantly enhance customer satisfaction and encourage long-term commitment. Such initiatives not only demonstrate a business's commitment to customer welfare but also instill a sense of trust and reliability, thereby fostering improved customer retention. Money Making Tips for Improved Customer Retention: 1. Product Diversification and Upselling: Diversifying product offerings and implementing upselling strategies can contribute to increased sales and improved customer retention. By introducing complementary products or services that align with customer interests, businesses can cater to diverse needs, thereby encouraging repeat purchases and fostering a loyal customer base. 2. Implementing Targeted Marketing Strategies: Employing targeted marketing strategies, such as personalized email campaigns, social media promotions, and tailored advertisements, can effectively engage customers and nurture lasting relationships. By understanding customer preferences and behavioral patterns, businesses can create compelling marketing content that resonates with their target audience, thus boosting customer retention rates. 3. Prioritizing Customer Feedback and Incorporating Improvements: Actively seeking and integrating customer feedback is essential for continuous improvement. By addressing customer concerns, incorporating suggestions, and adapting products or services to meet evolving needs, businesses can demonstrate their commitment to customer satisfaction and retention, thereby fostering a positive brand image and long-term customer loyalty. By integrating these money-making tips and financial advice into your business strategy, you can not only ensure a stable revenue stream but also cultivate a loyal customer base that is vital for sustained success and growth. Prioritizing customer retention not only fosters a strong brand-customer relationship but also serves as a cornerstone for building a robust and resilient business model in today's competitive market landscape."
Solar sales TCPA Problem,Industry problem analysis,"In the ever-expanding landscape of solar sales, the Telephone Consumer Protection Act (TCPA) poses significant challenges for businesses striving to thrive in the renewable energy sector. As the demand for sustainable energy solutions continues to rise, companies encounter obstacles in complying with TCPA regulations while ensuring effective marketing strategies. A comprehensive analysis of the industry's current scenario illuminates the importance of addressing TCPA compliance issues and implementing robust assurance statements to foster consumer trust and business growth. Understanding the Solar Sales TCPA Problem: The TCPA, enacted to protect consumers from unsolicited telemarketing communications, imposes strict regulations on businesses engaging in telephonic marketing, particularly in the solar energy industry. With the surge in the adoption of solar energy solutions, companies face complex challenges in navigating TCPA compliance, primarily due to the stringent guidelines governing automated calls, text messages, and telemarketing practices. Failure to adhere to these regulations can result in severe penalties, legal ramifications, and a tarnished brand reputation, thereby impeding business sustainability and growth. Industry Problem Analysis: 1. Regulatory Compliance Challenges: Adhering to TCPA regulations presents a formidable hurdle for solar companies striving to expand their consumer base through telemarketing. The intricacies of consent requirements, time-of-day restrictions, and call frequency limitations demand meticulous planning and stringent adherence to compliance protocols, posing a significant operational challenge for sales and marketing teams. 2. Customer Engagement Limitations: Stringent TCPA regulations often restrict the methods of consumer engagement, constraining companies from utilizing traditional telemarketing techniques for lead generation and customer outreach. This limitation impedes the development of personalized marketing strategies and hinders the establishment of meaningful consumer connections, thereby hampering the overall growth trajectory of businesses within the solar industry. 3. Brand Trust and Reputation Management: Non-compliance with TCPA regulations can significantly erode consumer trust and damage brand reputation. Consumers are increasingly wary of unsolicited communications, emphasizing the need for solar companies to prioritize transparency and ethical marketing practices. Implementing robust assurance statements that emphasize consumer privacy and data protection can foster trust, enhance brand credibility, and fortify consumer loyalty, thereby mitigating the adverse effects of TCPA non-compliance. Addressing Solar Sales TCPA Challenges through Assurance Statements: 1. Consumer Privacy Commitment: Incorporating assurance statements that underscore a commitment to consumer privacy and data protection can instill confidence in consumers, reassuring them of the company's ethical business practices and its dedication to safeguarding their personal information. 2. Opt-In Consent Emphasis: Explicitly highlighting the significance of obtaining consumer consent through opt-in mechanisms within assurance statements not only demonstrates a company's adherence to TCPA regulations but also establishes transparent communication channels, fostering a positive consumer experience and cultivating long-term consumer relationships. 3. Compliance Transparency: Integrating assurance statements that transparently communicate the company's commitment to TCPA compliance and regulatory adherence showcases a proactive approach towards consumer protection, promoting a culture of accountability, and instilling a sense of reliability and trust within the target market. In the dynamic landscape of solar sales, navigating TCPA challenges requires a proactive approach that integrates comprehensive assurance statements emphasizing consumer privacy, data protection, and regulatory compliance. By acknowledging the significance of transparent communication and ethical marketing practices, solar companies can not only mitigate the adverse effects of TCPA non-compliance but also foster consumer trust, fortify brand reputation, and drive sustainable business growth in the renewable energy sector."
Friends TV show funny guide,Humorous analysis,"Diversify Your Income Streams: Relying solely on one source of income can be precarious. Explore various avenues such as part-time freelancing, investing in stocks or real estate, or starting a small business to supplement your primary income. Create a Budget and Stick to It: Crafting a realistic budget helps in monitoring your expenses and curbing unnecessary spending. Allocate your funds wisely, prioritizing essential expenses while leaving room for savings and investments. Invest Wisely: Educate yourself about different investment options available in the market. Whether it's stocks, bonds, mutual funds, or real estate, understanding the risks and potential returns is crucial in making informed investment decisions. Save for Emergencies: Building an emergency fund is paramount in safeguarding your financial stability. Aim to save at least three to six months' worth of living expenses to cushion any unexpected financial setbacks. Reduce Debts: Prioritize paying off high-interest debts to avoid accruing excessive interest payments. Employ strategies like the snowball method or avalanche method to effectively manage and eliminate debts. Explore Passive Income Opportunities: Investigate passive income opportunities such as renting out property, investing in dividend-paying stocks, or creating digital products to generate a steady flow of income without actively participating in day-to-day operations. Educate Yourself Financially: Continuously educate yourself about financial management, investment strategies, and market trends. Attend workshops, read books, or follow reputable financial blogs to stay updated with the latest developments in the financial world. Automate Savings and Investments: Automating your savings and investments ensures consistent contributions without the hassle of manual transactions. Set up automatic transfers from your checking account to your savings or investment accounts to foster a disciplined saving habit. Plan for Retirement Early: Start planning for your retirement as early as possible. Take advantage of employer-sponsored retirement plans like 401(k) and IRA to secure a financially stable post-retirement life. Seek Professional Financial Advice: Consult a financial advisor to receive personalized guidance tailored to your specific financial situation. An expert can provide valuable insights and help you create a comprehensive financial plan aligned with your goals. Embracing a proactive approach towards financial management, coupled with a disciplined savings and investment strategy, can set the stage for a secure and prosperous future. By adhering to these fundamental principles and exploring diverse income-generating opportunities, you can take significant strides towards financial independence and achieve your life goals with confidence. Remember, every small step taken today contributes to a more stable and promising financial tomorrow."
Forrest Gump insights,Movie analysis
Best of 2021,Year in review
Telemarketing tips,Professional advice
Your insider in Telesales,Insider perspective
AUSTIN POWERS checklist,Listicle
finding zen in customer service calls,Personal development
A Glance from a solar sales insider,Insider perspective
What Others are Saying on sales calls,Opinion piece
Calling Review,Professional critique
Funny post using the Seinfeld tv show,Humorous analysis
finding zen in collections,Personal development
top 10 collections expert advise,Professional advice
Funny post using the office tv show Checklist,Humorous analysis
Advice from the Expert,Professional advice
Take-Away,Thought piece
Time-Saving Post,Efficiency guide
Parks and Recreation TV show,TV show analysis
Ted Lasso if he were talking to us right now might say,Imaginative analysis
Top 20 best of 2022,Year in review
Collections and Recovery Insider,Industry insider information
funny Tutorial,Humorous instructional guide
Retail Leads market,Industry analysis
We buy insurance for our car but dont care if our compliance and get fined millions?,Opinion piece
Run Forrest! Run!,Movie analysis
best closing on a sales call and the compliance mistakes,Professional advice
The Forrest Gump Guide or Advice from the Expert orHow to Beginner’s Guide,Professional advice
Groundhog Day the movie Take-Away Beginner’s Guide,Movie analysis
6 Glance from an insider or Healthcare call center experience or finding zen in lead gen calling,Professional advice
10 answers you need,Informational guide
A better way or customer service turn over,Opinion piece
Questions You Should be Asking,Thought piece
10 answers you need,Informational guide
A better way Compliance,Professional advice
Friends tv show,TV show analysis
best of 2023 or Metrics to Measure,TV show analysis
hack list or Time saving tips or making your numbers,Efficiency guide
10 things your boss does not want you to know,Exposé
FAQ TCPA and,Informational guide
10 things your boss does not want you to know,Exposé
Tommy Boy a guide to business or Lending market collections,Business analysis
10 market developments and opportunities,Industry analysis
compliance is about,Professional advice
Share a day in the life,Personal narrative
must-have toolkit,Professional advice
a mistake you made and what you learned,Personal narrative
Airplane Let me tell you what Leslie Nielsen might say,Humorous analysis
goal you achieved and how you did it,Personal narrative
12 most important truths in our niche,Thought piece
compliance 101 guide,Professional advice
Debunk a myth,Myth-busting analysis
experts to predict upcoming trends,Expert analysis
best time-saving tips,Efficiency guide
a personal story,Personal narrative
money-saving tips or career development guides,Financial/Career advice
Anchorman movie Checklist,Movie analysis
Summarize the findings of an industry report,Industry analysis
Let me explain with a list of quotes,Informative piece
Fines from the state now too?,Industry analysis
my side hustle and what it taught me about my real job,Personal narrative
Top 10 list,Listicle
business success stories or budgeting advice,Business/Career advice
people who work in the tech industry,Industry analysis
top 10 TV shows tell us about,TV show analysis
top 10 funny guide,Humorous analysis
video game walk-through and what it taught me about,Gaming analysis
TCPA Tommy Boy a guide to business,Business analysis
Lending market TCPA,Industry analysis
TCPA 10 market developments and opportunities,Industry analysis
TCPA compliance is about,Professional advice
TCPA Share a day in the life,Personal narrative
TCPA must-have toolkit,Professional advice
TCPA a mistake you made and what you learned,Personal narrative
TCPA Airplane Let me tell you what Leslie Nielsen might say,Humorous analysis
TCPA goal you achieved and how you did it,Personal narrative
TCPA 12 most important truths in our niche,Thought piece
TCPA compliance 101 guide,Professional advice
TCPA Debunk a myth,Myth-busting analysis
TCPA experts to predict upcoming trends,Expert analysis
TCPA best time-saving tips,Efficiency guide
TCPA a personal story,Personal narrative
TCPA money-saving tips or career development guides,Financial/Career advice
TCPA Anchorman movie Checklist,Movie analysis
TCPA Summarize the findings of an industry report,Industry analysis
TCPA Let me explain with a list of quotes,Informative piece
TCPA Fines from the state now too?,Industry analysis
TCPA my side hustle and what it taught me about my real job,Personal narrative
TCPA Top 10 list,Listicle
TCPA business success stories or budgeting advice,Business/Career advice
TCPA people who work in the tech industry,Industry analysis
TCPA top 10 TV shows tell us about,TV show analysis
A call center in florida and CTCPA,Industry analysis
TCPA top 10 funny guide,Humorous analysis
TCPA video game walk-through and what it taught me about,Gaming analysis
TCPA Best of 2023,Year in review
Funny tv show about TCPA,Humorous analysis
TCPA Best of 2022,Year in review
Time-Saving Post TCPA,Efficiency guide
Time-Saving Post compliance,Efficiency guide
