Title,Type,Blog
money making tips,Financial advice,In the realm of business, the quest for financial stability and growth is an ongoing journey. While focusing on revenue generation is crucial, businesses often overlook the significance of customer retention as a pivotal element for long-term success. Implementing effective money-making tips while integrating sound financial advice can significantly contribute to enhancing customer retention rates, fostering a loyal customer base, and ensuring sustained profitability. Understanding the importance of Customer Retention: In the dynamic landscape of the digital era, customer retention holds paramount significance. It goes beyond mere transactions and fosters a strong bond between businesses and their clientele. Customer retention essentially involves strategies that enable businesses to engage and retain existing customers, encouraging repeat purchases and brand loyalty. This approach not only ensures a steady revenue stream but also aids in minimizing customer acquisition costs, thus optimizing the overall financial health of the business. Integrating Financial Advice for Enhanced Customer Retention: 1. Streamlining Budget Allocation: Efficient allocation of financial resources is critical for sustainable business growth. By analyzing customer retention data, businesses can strategically allocate budgets towards initiatives that foster customer engagement and loyalty. This includes investing in personalized customer experiences, targeted marketing campaigns, and effective loyalty programs. 2. Investing in Customer Relationship Management (CRM) Systems: Leveraging advanced CRM systems can streamline customer data management, enabling businesses to personalize interactions, understand customer preferences, and anticipate their needs. By utilizing CRM insights, businesses can tailor their services and products to meet customer demands, fostering a stronger customer-business relationship. 3. Offering Value-Added Services: Providing value-added services such as after-sales support, personalized recommendations, and exclusive perks can significantly enhance customer satisfaction and encourage long-term commitment. Such initiatives not only demonstrate a business's commitment to customer welfare but also instill a sense of trust and reliability, thereby fostering improved customer retention. Money Making Tips for Improved Customer Retention: 1. Product Diversification and Upselling: Diversifying product offerings and implementing upselling strategies can contribute to increased sales and improved customer retention. By introducing complementary products or services that align with customer interests, businesses can cater to diverse needs, thereby encouraging repeat purchases and fostering a loyal customer base. 2. Implementing Targeted Marketing Strategies: Employing targeted marketing strategies, such as personalized email campaigns, social media promotions, and tailored advertisements, can effectively engage customers and nurture lasting relationships. By understanding customer preferences and behavioral patterns, businesses can create compelling marketing content that resonates with their target audience, thus boosting customer retention rates. 3. Prioritizing Customer Feedback and Incorporating Improvements: Actively seeking and integrating customer feedback is essential for continuous improvement. By addressing customer concerns, incorporating suggestions, and adapting products or services to meet evolving needs, businesses can demonstrate their commitment to customer satisfaction and retention, thereby fostering a positive brand image and long-term customer loyalty. By integrating these money-making tips and financial advice into your business strategy, you can not only ensure a stable revenue stream but also cultivate a loyal customer base that is vital for sustained success and growth. Prioritizing customer retention not only fosters a strong brand-customer relationship but also serves as a cornerstone for building a robust and resilient business model in today's competitive market landscape.
How to,Tutorial/How-to guide
Solar sales TCPA Problem,Industry problem analysis
Friends TV show funny guide,Humorous analysis
Forrest Gump insights,Movie analysis
Best of 2021,Year in review
Telemarketing tips,Professional advice
Your insider in Telesales,Insider perspective
AUSTIN POWERS checklist,Listicle
finding zen in customer service calls,Personal development
A Glance from a solar sales insider,Insider perspective
What Others are Saying on sales calls,Opinion piece